type,old_path,suggested_to
category,/bulk-options/hdd,/search?q=hdd&type=product
category,/brand/pny,/search?q=pny&type=product
category,/brand/dynatron,/search?q=dynatron&type=product
category,/brand,/search?q=brand&type=product
category,/brand/hp,/search?q=hp&type=product
category,/bulk-options/cpu,/search?q=cpu&type=product
category,/brand/thermal-hero,/search?q=thermal-hero&type=product
category,/brand/asrock,/search?q=asrock&type=product
category,/brand/ugreen,/search?q=ugreen&type=product
category,/brand/logitech,/search?q=logitech&type=product
category,/brand/corsair,/search?q=corsair&type=product
category,/brand/hpe-networking-instant-on,/search?q=hpe-networking-instant-on&type=product
category,/brand/micro-bit,/search?q=micro-bit&type=product
category,/brand/thermal-grizzly,/search?q=thermal-grizzly&type=product
category,/bulk-options,/search?q=bulk-options&type=product
category,/bulk-options/ssd/external-storage,/search?q=external-storage&type=product
category,/brand/istarusa,/search?q=istarusa&type=product
category,/brand/titanium-micro,/search?q=titanium-micro&type=product
category,/brand/kioxia,/search?q=kioxia&type=product
category,/brand/asus,/search?q=asus&type=product
category,/brand/gigabyte,/search?q=gigabyte&type=product
category,/brand/teamgroup,/search?q=teamgroup&type=product
category,/brand/pimoroni,/search?q=pimoroni&type=product
category,/brand/arduino,/search?q=arduino&type=product
category,/bulk-options/mem,/search?q=mem&type=product
category,/brand/pioneer,/search?q=pioneer&type=product
category,/brand/asrock-rack,/search?q=asrock-rack&type=product
category,/brand/toshiba,/search?q=toshiba&type=product
category,/brand/msi,/search?q=msi&type=product
category,/brand/asustor,/search?q=asustor&type=product
category,/bulk-options/ai-box,/search?q=ai-box&type=product
category,/brand/pascari,/search?q=pascari&type=product
category,/brand/nvidia,/search?q=nvidia&type=product
category,/brand/yealink,/search?q=yealink&type=product
category,/brand/qnap,/search?q=qnap&type=product
category,/brand/streacom,/search?q=streacom&type=product
category,/brand/tryx,/search?q=tryx&type=product
category,/brand/solidigm,/search?q=solidigm&type=product
category,/brand/raspberry-pi,/search?q=raspberry-pi&type=product
category,/brand/platinummicro,/search?q=platinummicro&type=product
category,/brand/poly,/search?q=poly&type=product
category,/brand/cooler-master,/search?q=cooler-master&type=product
category,/brand/xfx,/search?q=xfx&type=product
category,/brand/hgst,/search?q=hgst&type=product
category,/brand/cyberlink,/search?q=cyberlink&type=product
category,/bulk-options/ssd,/search?q=ssd&type=product
category,/brand/sandisk,/search?q=sandisk&type=product
category,/brand/hpe,/search?q=hpe&type=product
brand,/brands,/search?q=brands&type=product
brand,/brands/Lacie.html,/search?q=Lacie&type=product
brand,/brands/Sapphire.html,/search?q=Sapphire&type=product
brand,/brands/Streacom.html,/search?q=Streacom&type=product
brand,/brands/ZOTAC.html,/search?q=ZOTAC&type=product
brand,/brands/Corsair.html,/search?q=Corsair&type=product
brand,/arctic-cooling,/search?q=arctic-cooling&type=product
brand,/brands/Fortinet.html,/search?q=Fortinet&type=product
brand,/innovation,/search?q=innovation&type=product
brand,/tozo,/search?q=tozo&type=product
brand,/brands/Kingwin.html,/search?q=Kingwin&type=product
brand,/hyte,/search?q=hyte&type=product
brand,/tryx,/search?q=tryx&type=product
brand,/owc,/search?q=owc&type=product
brand,/brands/Scythe.html,/search?q=Scythe&type=product
brand,/brands/EVGA.html,/search?q=EVGA&type=product
brand,/brands/IC-Diamond.html,/search?q=IC-Diamond&type=product
brand,/asrock-rack,/search?q=asrock-rack&type=product
brand,/razer,/search?q=razer&type=product
brand,/poly,/search?q=poly&type=product
brand,/secux,/search?q=secux&type=product
brand,/asustor,/search?q=asustor&type=product
brand,/brands/Gigabyte.html,/search?q=Gigabyte&type=product
brand,/lexar,/search?q=lexar&type=product
brand,/brands/Cyberlink.html,/search?q=Cyberlink&type=product
brand,/c2g,/search?q=c2g&type=product
brand,/thermal-grizzly,/search?q=thermal-grizzly&type=product
brand,/brands/Acer.html,/search?q=Acer&type=product
brand,/bk031,/search?q=bk031&type=product
brand,/rsc,/search?q=rsc&type=product
brand,/brands/Huawei.html,/search?q=Huawei&type=product
brand,/brands/Sans-Digital.html,/search?q=Sans-Digital&type=product
brand,/hynix,/search?q=hynix&type=product
brand,/brands/Microlab.html,/search?q=Microlab&type=product
brand,/brands/AVG.html,/search?q=AVG&type=product
brand,/thermal-hero,/search?q=thermal-hero&type=product
brand,/teamgroup,/search?q=teamgroup&type=product
brand,/raspberry,/search?q=raspberry&type=product
brand,/skyamp,/search?q=skyamp&type=product
brand,/brands/Dynatron.html,/search?q=Dynatron&type=product
brand,/xpg,/search?q=xpg&type=product
brand,/brands/Kingston.html,/search?q=Kingston&type=product
brand,/brands/McAfee.html,/search?q=McAfee&type=product
brand,/apexgaming,/search?q=apexgaming&type=product
brand,/chenbro,/search?q=chenbro&type=product
brand,/western-digital,/search?q=western-digital&type=product
brand,/brands/Maingear.html,/search?q=Maingear&type=product
brand,/terramaster,/search?q=terramaster&type=product
brand,/ineo,/search?q=ineo&type=product
brand,/aukey,/search?q=aukey&type=product
brand,/brands/Asus.html,/search?q=Asus&type=product
brand,/azio,/search?q=azio&type=product
brand,/apple,/search?q=apple&type=product
brand,/brands/HGST.html,/search?q=HGST&type=product
brand,/antec,/search?q=antec&type=product
brand,/nvidia,/search?q=nvidia&type=product
brand,/brands/ECO-Sound-Engineering.html,/search?q=ECO-Sound-Engineering&type=product
brand,/apc,/search?q=apc&type=product
brand,/pascari,/search?q=pascari&type=product
brand,/brands/Qnap.html,/search?q=Qnap&type=product
brand,/supermicro,/search?q=supermicro&type=product
brand,/be-quiet,/search?q=be-quiet&type=product
brand,/brands/Norton.html,/search?q=Norton&type=product
brand,/micro-bit,/search?q=micro-bit&type=product
brand,/avermedia,/search?q=avermedia&type=product
brand,/yealink,/search?q=yealink&type=product
brand,/brands/Kaspersky.html,/search?q=Kaspersky&type=product
brand,/gelid-solutions,/search?q=gelid-solutions&type=product
brand,/brands/AAAwave.html,/search?q=AAAwave&type=product
brand,/brands/HP.html,/search?q=HP&type=product
brand,/brands/Crucial.html,/search?q=Crucial&type=product
brand,/gooxi,/search?q=gooxi&type=product
brand,/bloody,/search?q=bloody&type=product
brand,/deepcool,/search?q=deepcool&type=product
brand,/brands/iStarUSA.html,/search?q=iStarUSA&type=product
brand,/fractal-design,/search?q=fractal-design&type=product
brand,/brands/XFX.html,/search?q=XFX&type=product
brand,/biostar,/search?q=biostar&type=product
brand,/brands/Arctic-Silver.html,/search?q=Arctic-Silver&type=product
brand,/brands/iMicro.html,/search?q=iMicro&type=product
brand,/brands/PNY.html,/search?q=PNY&type=product
brand,/brands/LG.html,/search?q=LG&type=product
brand,/silicon-power,/search?q=silicon-power&type=product
brand,/okdo,/search?q=okdo&type=product
brand,/seasonic,/search?q=seasonic&type=product
brand,/maxtor,/search?q=maxtor&type=product
brand,/arduino,/search?q=arduino&type=product
brand,/ultimate-ears,/search?q=ultimate-ears&type=product
brand,/letscom,/search?q=letscom&type=product
brand,/brands/Aorus.html,/search?q=Aorus&type=product
brand,/kioxia,/search?q=kioxia&type=product
brand,/ampere,/search?q=ampere&type=product
brand,/nzxt,/search?q=nzxt&type=product
brand,/gamdias,/search?q=gamdias&type=product
brand,/geil,/search?q=geil&type=product
brand,/brands/Enermax.html,/search?q=Enermax&type=product
brand,/xgimi,/search?q=xgimi&type=product
brand,/hpe-networking-instant-on,/search?q=hpe-networking-instant-on&type=product
brand,/powercolor,/search?q=powercolor&type=product
brand,/brands/Titanium-Micro.html,/search?q=Titanium-Micro&type=product
brand,/brands/SanDisk.html,/search?q=SanDisk&type=product
brand,/letsfit,/search?q=letsfit&type=product
brand,/jabra,/search?q=jabra&type=product
brand,/ekwb,/search?q=ekwb&type=product
brand,/raspberry-pi,/search?q=raspberry-pi&type=product
brand,/brands/Porto.html,/search?q=Porto&type=product
brand,/hpe,/search?q=hpe&type=product
brand,/brands/OFS.html,/search?q=OFS&type=product
brand,/coolwallet,/search?q=coolwallet&type=product
brand,/brands/MSI.html,/search?q=MSI&type=product
brand,/brands/Adata.html,/search?q=Adata&type=product
brand,/solidigm,/search?q=solidigm&type=product
brand,/darkflash,/search?q=darkflash&type=product
brand,/brands/Thermaltake.html,/search?q=Thermaltake&type=product
brand,/brands/Pioneer.html,/search?q=Pioneer&type=product
brand,/pimoroni,/search?q=pimoroni&type=product
brand,/dcent,/search?q=dcent&type=product
brand,/ecs,/search?q=ecs&type=product
brand,/timetec,/search?q=timetec&type=product
brand,/topweb,/search?q=topweb&type=product
brand,/brands/VisionTek.html,/search?q=VisionTek&type=product
brand,/brands/Logitech.html,/search?q=Logitech&type=product
brand,/klevv,/search?q=klevv&type=product
brand,/platinummicro,/search?q=platinummicro&type=product
brand,/cooler-master,/search?q=cooler-master&type=product
brand,/g-skill,/search?q=g-skill&type=product
brand,/brands/Toshiba.html,/search?q=Toshiba&type=product
brand,/asrock,/search?q=asrock&type=product
brand,/innovation-cooling,/search?q=innovation-cooling&type=product
page,/a-note-to-our-customers-about-the-coronavirus,/pages/a-note-to-our-customers-about-the-coronavirus
page,/aruba-instant-on,/pages/aruba-instant-on